TARGET,rows,share
0,282686,0.7934934246536891
-999,48744,0.13682334283027606
1,24825,0.06968323251603487
