model,hypothesis,encoding,manual_feature_engineering,dimensionality_reduction,val_roc_auc,val_average_precision,val_f1,test_roc_auc,test_average_precision,test_f1,test_precision,test_recall,test_accuracy
baseline_logistic_regression,Simple baseline without manual feature engineering.,onehot,False,False,0.7404953145917001,0.20840316823081045,0.2692307692307692,0.7353730542136339,0.18555968457370944,0.26506024096385544,0.16923076923076924,0.6111111111111112,0.7288888888888889
extra_trees,More randomized trees can reduce variance versus RandomForest.,ordinal,True,False,0.7497991967871487,0.2469824794551489,0.2558139534883721,0.7277241009125067,0.18294781958753992,0.272108843537415,0.18018018018018017,0.5555555555555556,0.7622222222222222
soft_voting_ensemble,"Averaging linear, bagging and boosting probabilities can improve stability.",ordinal,True,False,0.7435073627844713,0.22433516768310027,0.21428571428571427,0.721484165324745,0.162882849196115,0.0,0.0,0.0,0.9
random_forest,Bagging over nonlinear trees captures interactions and is robust to outliers.,ordinal,True,False,0.7188085676037483,0.23264517144134086,0.26548672566371684,0.7148416532474503,0.16500961867986177,0.22727272727272727,0.19230769230769232,0.2777777777777778,0.8488888888888889
svd_logistic_regression,Dimensionality reduction may keep signal while reducing noisy sparse features.,onehot,True,True,0.7322623828647925,0.2142643407031872,0.24761904761904763,0.6953166935050993,0.15865084294248963,0.2247191011235955,0.14084507042253522,0.5555555555555556,0.6933333333333334
logistic_regression_fe,Credit ratios and external-score aggregates improve a linear model.,onehot,True,False,0.7037483266398928,0.20164440712799206,0.2318840579710145,0.6851851851851852,0.15328551347366012,0.2441860465116279,0.15441176470588236,0.5833333333333334,0.7111111111111111
hist_gradient_boosting,Boosting should perform best on tabular nonlinear risk data.,ordinal,True,False,0.7544176706827309,0.20079575034866465,0.0,0.6777375201288245,0.13130185390888863,0.0,0.0,0.0,0.9177777777777778
